0.0262483493814,1317,0,107,102,122,True
0.0262483493814,1018,0,89,102,122,False
0.0486879288828,2603,0,154,102,132,True
0.0486879288828,1629,0,86,102,132,False
0.332085560297,1714,0,129,102,134,True
0.332085560297,710,0,41,102,134,False
0.301647331051,1150,0,81,104,122,True
0.301647331051,1194,0,62,104,122,False
0.109737549708,1619,0,106,104,132,True
0.109737549708,963,0,57,104,132,False
0.0625214577141,2114,0,130,104,134,True
0.0625214577141,2477,0,151,104,134,False
-0.177633245061,1831,0,68,105,122,True
-0.177633245061,658,0,26,105,122,False
0.181648486943,1645,0,94,105,132,True
0.181648486943,892,0,41,105,132,False
0.156254017566,1303,0,95,105,134,True
0.156254017566,1021,0,64,105,134,False
0.152180164187,1045,0,73,106,122,True
0.152180164187,948,0,62,106,122,False
-0.120749094591,1742,0,102,106,132,True
-0.120749094591,1342,0,64,106,132,False
-0.388088685729,1227,0,87,106,134,True
-0.388088685729,1392,0,94,106,134,False
-0.0822727801594,1688,0,122,107,122,True
-0.0822727801594,642,0,45,107,122,False
0.218369693094,1379,0,42,107,132,True
0.218369693094,1171,0,52,107,132,False
-0.130356508411,1636,0,133,107,134,True
-0.130356508411,1302,0,74,107,134,False
0.232482313411,1252,0,89,108,122,True
0.232482313411,1105,0,60,108,122,False
0.202475053554,1669,0,142,108,132,True
0.202475053554,1479,0,113,108,132,False
0.0235885150813,1261,0,101,109,122,True
0.0235885150813,983,0,79,109,122,False
0.0736638691739,1193,0,56,109,132,True
0.0736638691739,968,0,56,109,132,False
-0.223909246392,1356,0,123,110,122,True
-0.223909246392,1259,0,88,110,122,False
0.0520985728188,1682,0,66,110,132,True
0.0520985728188,1319,0,76,110,132,False
0.0451029973759,2506,0,178,111,122,True
0.0451029973759,1140,0,70,111,122,False
-0.187035184521,2525,0,124,111,132,True
-0.187035184521,1422,0,77,111,132,False
0.014949785461,884,0,45,112,122,True
0.014949785461,770,0,54,112,122,False
0.0332549502062,1020,0,58,112,132,True
0.0332549502062,805,0,29,112,132,False
0.210120422826,1391,0,85,113,122,True
0.210120422826,906,0,71,113,122,False
-0.328820526242,1615,0,134,113,133,True
-0.328820526242,1714,0,146,113,133,False
0.366179151908,932,0,65,114,122,True
0.366179151908,1218,0,78,114,122,False
0.0659781342469,1386,0,118,115,122,True
0.0659781342469,851,0,70,115,122,False
0.0348453783162,1210,0,85,115,134,True
0.0348453783162,1049,0,68,115,134,False
-0.0797419457822,1476,0,97,116,122,True
-0.0797419457822,939,0,60,116,122,False
-0.193509077476,1495,0,66,116,132,True
-0.193509077476,926,0,45,116,132,False
0.180588267593,1617,0,139,116,134,True
0.180588267593,1030,0,65,116,134,False
-0.15916395823,1601,0,134,117,122,True
-0.15916395823,582,0,54,117,122,False
-0.140164661974,1398,0,77,117,132,True
-0.140164661974,865,0,47,117,132,False
0.186847723677,1353,0,56,117,134,True
0.186847723677,1110,0,51,117,134,False
0.135016870654,1485,0,93,118,122,True
0.135016870654,1255,0,86,118,122,False
-0.121047373906,1451,0,69,118,132,True
-0.121047373906,1032,0,56,118,132,False
-0.299968955727,1462,0,101,118,134,True
-0.299968955727,918,0,45,118,134,False
0.0148948940261,1566,0,89,119,132,True
0.0148948940261,1253,0,73,119,132,False
-0.0770783408844,1523,0,95,119,134,True
-0.0770783408844,1041,0,69,119,134,False
-0.353221453909,976,0,57,101,121,True
-0.353221453909,1920,0,112,101,121,False
-0.0331313985386,1332,0,78,102,121,True
-0.0331313985386,1645,0,120,102,121,False
0.0926642203401,1283,0,74,103,121,True
0.0926642203401,1200,0,67,103,121,False
0.0248881191813,1256,0,98,104,121,True
0.0248881191813,1936,0,157,104,121,False
0.024922787633,1301,0,83,105,121,True
0.024922787633,1570,0,117,105,121,False
0.0667276918359,964,0,64,106,121,True
0.0667276918359,1543,0,107,106,121,False
0.0344328576893,1603,0,91,107,121,True
0.0344328576893,1438,0,83,107,121,False
-0.0406141436776,1162,0,101,108,121,True
-0.0406141436776,1684,0,143,108,121,False
-0.025223545071,1112,0,75,109,121,True
-0.025223545071,2348,0,163,109,121,False
0.141169455207,1331,0,81,110,121,True
0.141169455207,1597,0,99,110,121,False
0.125917868309,1776,0,109,111,121,True
0.125917868309,2046,0,124,111,121,False
-0.0507731283996,1121,0,78,112,121,True
-0.0507731283996,1398,0,105,112,121,False
0.0552404273406,1651,0,126,113,121,True
0.0552404273406,1793,0,134,113,121,False
0.0273064098614,847,0,60,114,121,True
0.0273064098614,1808,0,136,114,121,False
0.250899725103,1488,0,118,115,121,True
0.250899725103,1561,0,129,115,121,False
-0.0667007700452,1341,0,83,116,121,True
-0.0667007700452,1495,0,110,116,121,False
0.251122295968,2117,0,138,117,121,True
0.251122295968,1384,0,95,117,121,False
0.0624235775661,1675,0,130,118,121,True
0.0624235775661,1790,0,118,118,121,False
0.144443606505,1133,0,55,101,123,True
0.144443606505,1959,0,110,101,123,False
-0.216577466165,1620,0,107,102,123,True
-0.216577466165,961,0,56,102,123,False
0.162378017767,1715,0,115,103,123,True
0.162378017767,2113,0,156,103,123,False
-0.0109941233216,1131,0,79,104,123,True
-0.0109941233216,2003,0,135,104,123,False
0.027067372433,1912,0,107,105,123,True
0.027067372433,1308,0,99,105,123,False
0.0292610817819,1416,0,92,106,123,True
0.0292610817819,1340,0,123,106,123,False
0.281343450051,1237,0,98,107,123,True
0.281343450051,1676,0,113,107,123,False
-0.00801020229407,1944,0,134,108,123,True
-0.00801020229407,1169,0,75,108,123,False
-0.20946452955,1548,0,90,109,123,True
-0.20946452955,1366,0,98,109,123,False
-0.333058753747,1824,0,123,110,123,True
-0.333058753747,1456,0,85,110,123,False
-0.167018083201,2063,0,108,111,123,True
-0.167018083201,1830,0,108,111,123,False
-0.162613185102,1498,0,85,112,123,True
-0.162613185102,1507,0,94,112,123,False
0.107744573374,1229,0,94,113,123,True
0.107744573374,1920,0,153,113,123,False
-0.0363935957522,1525,0,76,114,123,True
-0.0363935957522,1723,0,111,114,123,False
0.184052874485,1448,0,102,115,123,True
0.184052874485,1401,0,106,115,123,False
-0.0534628318379,1285,0,86,116,123,True
-0.0534628318379,1415,0,94,116,123,False
0.0907505559007,1606,0,99,117,123,True
0.0907505559007,1676,0,109,117,123,False
-0.177153794934,1777,0,140,118,123,True
-0.177153794934,1561,0,113,118,123,False
-0.206132289567,527,0,21,101,124,True
-0.206132289567,1656,0,50,101,124,False
-0.054956683881,2010,0,141,101,124,True
-0.054956683881,1090,0,73,101,124,False
-0.05652168813,1841,0,115,103,124,True
-0.05652168813,1633,0,113,103,124,False
-0.159606690641,1500,0,89,104,124,True
-0.159606690641,1551,0,92,104,124,False
0.123773555262,1094,0,63,105,124,True
0.123773555262,1261,0,68,105,124,False
0.167061504238,1157,0,39,106,124,True
0.167061504238,821,0,41,106,124,False
-0.0815468082247,1685,0,111,107,124,True
-0.0815468082247,1391,0,111,107,124,False
0.0727142784266,1325,0,95,108,124,True
0.0727142784266,1491,0,111,108,124,False
-0.0375455684798,1283,0,123,109,124,True
-0.0375455684798,1521,0,137,109,124,False
-0.0892629984505,1413,0,83,110,124,True
-0.0892629984505,1493,0,112,110,124,False
-0.173419611024,2109,0,143,111,124,True
-0.173419611024,1543,0,112,111,124,False
-0.258366566687,1069,0,49,112,124,True
-0.258366566687,1295,0,61,112,124,False
-0.0855446767428,2312,0,146,113,124,True
-0.0855446767428,1221,0,61,113,124,False
0.162335925012,1461,0,80,114,124,True
0.162335925012,817,0,44,114,124,False
-0.140927610649,1368,0,100,115,124,True
-0.140927610649,715,0,40,115,124,False
0.13897750121,1738,0,69,116,124,True
0.13897750121,865,0,46,116,124,False
0.0102669505082,1494,0,71,117,124,True
0.0102669505082,683,0,27,117,124,False
0.167182681505,1382,0,54,118,124,True
0.167182681505,785,0,32,118,124,False
-0.0852939467478,1423,0,105,119,124,True
-0.0852939467478,1619,0,118,119,124,False
-0.104138656117,621,0,39,101,125,True
-0.104138656117,1198,0,80,101,125,False
0.237809236583,1733,0,107,102,125,True
0.237809236583,1072,0,57,102,125,False
-0.323537587794,1504,0,100,103,125,True
-0.323537587794,1634,0,126,103,125,False
-0.23040984057,1557,0,106,104,125,True
-0.23040984057,1495,0,97,104,125,False
-0.0641108523732,1488,0,121,105,125,True
-0.0641108523732,1761,0,113,105,125,False
0.0101046096337,1126,0,82,106,125,True
0.0101046096337,1416,0,101,106,125,False
0.356398827061,1732,0,138,107,125,True
0.356398827061,1337,0,101,107,125,False
-0.00491253424004,1445,0,98,108,125,True
-0.00491253424004,1491,0,112,108,125,False
-0.228458094062,1515,0,74,110,125,True
-0.228458094062,1270,0,59,110,125,False
0.142334409932,2384,0,180,111,125,True
0.142334409932,1527,0,107,111,125,False
0.0861712931177,1093,0,44,112,125,True
0.0861712931177,1299,0,65,112,125,False
-0.100741381198,1152,0,102,113,125,True
-0.100741381198,1760,0,169,113,125,False
0.11414319656,1717,0,134,114,125,True
0.11414319656,1971,0,150,114,125,False
0.0486664328773,1636,0,120,115,125,True
0.0486664328773,1486,0,123,115,125,False
-0.0404210771667,1188,0,95,116,125,True
-0.0404210771667,1423,0,123,116,125,False
0.284411900897,1562,0,124,117,125,True
0.284411900897,1171,0,102,117,125,False
0.164329405786,1348,0,93,112,125,True
0.164329405786,1711,0,135,112,125,False
0.16212070871,1388,0,133,119,125,True
0.16212070871,1980,0,145,119,125,False
-0.157494607475,619,0,24,101,126,True
-0.157494607475,2035,0,111,101,126,False
0.274962909375,1703,0,93,102,126,True
0.274962909375,1619,0,113,102,126,False
0.127524789448,686,0,35,103,126,True
0.127524789448,1718,0,88,103,126,False
-0.0393083546376,1272,0,92,104,126,True
-0.0393083546376,2077,0,119,104,126,False
0.13634025796,1621,0,90,105,126,True
0.13634025796,1219,0,84,105,126,False
-0.21082538047,1313,0,95,106,126,True
-0.21082538047,1906,0,129,106,126,False
-0.066980974815,1423,0,118,107,126,True
-0.066980974815,1281,0,103,107,126,False
0.275606604104,825,0,43,108,126,True
0.275606604104,1590,0,97,108,126,False
-0.280215150271,1070,0,64,110,126,True
-0.280215150271,1302,0,91,110,126,False
0.145435450456,2428,0,197,111,126,True
0.145435450456,1375,0,98,111,126,False
0.0733200425479,799,0,63,112,126,True
0.0733200425479,1540,0,107,112,126,False
0.526668210436,1284,0,83,113,126,True
0.526668210436,2059,0,120,113,126,False
0.113992578198,1166,0,82,114,126,True
0.113992578198,1260,0,83,114,126,False
0.0329807198056,2427,0,166,115,126,True
0.0329807198056,2180,0,124,115,126,False
0.337196501814,1351,0,95,116,126,True
0.337196501814,1738,0,112,116,126,False
-0.00359272427591,1035,0,61,117,126,True
-0.00359272427591,1887,0,121,117,126,False
0.111968520451,2052,0,159,118,126,True
0.111968520451,1274,0,71,118,126,False
0.065298190224,1559,0,97,119,126,True
0.065298190224,1774,0,124,119,126,False
-0.012763156914,1286,0,87,101,127,True
-0.012763156914,1509,0,111,101,127,False
0.152795168525,1592,0,152,102,127,True
0.152795168525,1248,0,99,102,127,False
0.0853618757872,1536,0,107,103,127,True
0.0853618757872,1369,0,98,103,127,False
-0.197756023411,1240,0,70,104,127,True
-0.197756023411,1450,0,84,104,127,False
-0.247296329465,1557,0,110,105,127,True
-0.247296329465,940,0,71,105,127,False
-0.11922031262,1310,0,91,106,127,True
-0.11922031262,1380,0,96,106,127,False
-0.087824538933,1485,0,130,107,127,True
-0.087824538933,1275,0,113,107,127,False
0.0947407010204,998,0,71,108,127,True
0.0947407010204,1196,0,93,108,127,False
-0.0444610308821,1354,0,91,110,127,True
-0.0444610308821,989,0,79,110,127,False
-0.133559210282,2351,0,189,111,127,True
-0.133559210282,1449,0,138,111,127,False
-0.0315965629438,1243,0,75,112,127,True
-0.0315965629438,1380,0,79,112,127,False
-0.113307484687,1337,0,132,113,127,True
-0.113307484687,1108,0,100,113,127,False
0.0426266831308,1144,0,89,114,127,True
0.0426266831308,1144,0,85,114,127,False
-0.196153567227,1274,0,106,115,127,True
-0.196153567227,1243,0,94,115,127,False
-0.195751740124,1775,0,144,116,127,True
-0.195751740124,1800,0,141,116,127,False
-0.275497686434,1167,0,116,117,127,True
-0.275497686434,1631,0,154,117,127,False
0.141176563571,1150,0,77,118,127,True
0.141176563571,1247,0,79,118,127,False
-0.0203048160797,1662,0,151,119,127,True
-0.0203048160797,1116,0,112,119,127,False
-0.152409001863,878,0,47,101,128,True
-0.152409001863,1586,0,113,101,128,False
0.0209912678736,1714,0,129,102,128,True
0.0209912678736,1438,0,95,102,128,False
-0.142019200647,1785,0,108,103,128,True
-0.142019200647,1830,0,136,103,128,False
0.0593191243664,1803,0,139,104,128,True
0.0593191243664,1871,0,127,104,128,False
-0.290992347749,1530,0,111,105,128,True
-0.290992347749,1028,0,85,105,128,False
-0.0836359615134,1353,0,115,106,128,True
-0.0836359615134,1585,0,123,106,128,False
-3.66738443634e-05,1786,0,152,107,128,True
-3.66738443634e-05,1282,0,120,107,128,False
0.0900634843666,1740,0,128,108,128,True
0.0900634843666,1197,0,87,108,128,False
0.00882012551063,1266,0,82,110,128,True
0.00882012551063,1044,0,72,110,128,False
-0.210644980964,2212,0,131,111,128,True
-0.210644980964,1248,0,75,111,128,False
0.0373627398301,1070,0,62,112,128,True
0.0373627398301,716,0,48,112,128,False
0.162060706628,1764,0,136,113,128,True
0.162060706628,1043,0,88,113,128,False
-0.116475504826,1325,0,87,114,128,True
-0.116475504826,1210,0,84,114,128,False
-0.0173758835449,1475,0,86,115,128,True
-0.0173758835449,1000,0,70,115,128,False
0.330345957439,1726,0,152,116,128,True
0.330345957439,843,0,62,116,128,False
-0.133547908686,2177,0,201,117,128,True
-0.133547908686,1043,0,76,117,128,False
-0.177562706268,1894,0,117,118,128,True
-0.177562706268,850,0,52,118,128,False
0.0995819066651,1733,0,159,119,128,True
0.0995819066651,1061,0,92,119,128,False
0.0298044208789,1131,0,74,101,129,True
0.0298044208789,1320,0,85,101,129,False
-0.240964354873,1958,0,139,102,129,True
-0.240964354873,1642,0,112,102,129,False
0.330282956132,729,0,38,103,129,True
0.330282956132,2197,0,161,103,129,False
-0.232791418576,1308,0,76,104,129,True
-0.232791418576,1683,0,123,104,129,False
-0.0131038957973,1427,0,103,105,129,True
-0.0131038957973,1351,0,94,105,129,False
0.151440668843,1498,0,103,106,129,True
0.151440668843,1528,0,125,106,129,False
0.0706823776198,1442,0,101,107,129,True
0.0706823776198,1669,0,112,107,129,False
-0.187883108445,1633,0,107,108,129,True
-0.187883108445,1636,0,140,108,129,False
0.14542992631,1331,0,111,109,129,True
0.14542992631,1756,0,133,109,129,False
0.0358608237622,1561,0,93,110,129,True
0.0358608237622,1768,0,100,110,129,False
0.101827835743,1906,0,121,111,129,True
0.101827835743,1803,0,108,111,129,False
0.0822618590103,977,0,76,112,129,True
0.0822618590103,1248,0,89,112,129,False
0.318285767316,1347,0,76,113,129,True
0.318285767316,1080,0,83,113,129,False
-0.00667214949912,1124,0,69,114,129,True
-0.00667214949912,1356,0,104,114,129,False
0.278496528,1468,0,110,115,129,True
0.278496528,1437,0,125,115,129,False
-0.190362253542,1415,0,79,116,129,True
-0.190362253542,1700,0,88,116,129,False
0.0436038579991,1666,0,94,117,129,True
0.0436038579991,1446,0,113,117,129,False
0.0543812847732,1681,0,124,118,129,True
0.0543812847732,1531,0,90,118,129,False
0.34411726699,1700,0,126,119,129,True
0.34411726699,1634,0,121,119,129,False
0.0200130653619,468,0,16,101,130,True
0.0200130653619,872,0,34,101,130,False
-0.0985140274757,1254,0,85,102,130,True
-0.0985140274757,580,0,26,102,130,False
0.242102275844,893,0,54,103,130,True
0.242102275844,1357,0,75,103,130,False
0.0643696290776,1137,0,56,104,130,True
0.0643696290776,1036,0,58,104,130,False
-0.320770783361,1413,0,114,105,130,True
-0.320770783361,873,0,38,105,130,False
-0.0157258588213,1411,0,63,106,130,True
-0.0157258588213,1140,0,66,106,130,False
-0.35702964777,1761,0,105,107,130,True
-0.35702964777,728,0,39,107,130,False
0.0300873214965,1323,0,83,108,130,True
0.0300873214965,832,0,52,108,130,False
-0.131676843202,1252,0,95,109,130,True
-0.131676843202,875,0,54,109,130,False
-0.102360051399,1592,0,104,110,130,True
-0.102360051399,1049,0,41,110,130,False
0.0152999771652,2066,0,109,111,130,True
0.0152999771652,975,0,59,111,130,False
-0.0653366128299,1071,0,46,112,130,True
-0.0653366128299,583,0,23,112,130,False
0.159056482851,1299,0,83,113,130,True
0.159056482851,1012,0,56,113,130,False
0.25161729512,1190,0,46,114,130,True
0.25161729512,846,0,51,114,130,False
0.179016012319,1519,0,90,115,130,True
0.179016012319,781,0,54,115,130,False
0.233750830211,1213,0,76,116,130,True
0.233750830211,781,0,40,116,130,False
-0.00205138934487,1246,0,95,117,130,True
-0.00205138934487,867,0,47,117,130,False
0.0170948817223,1408,0,73,118,130,True
0.0170948817223,988,0,39,118,130,False
-0.00604465546526,1413,0,84,119,130,True
-0.00604465546526,948,0,67,119,130,False
0.14341251068,445,0,22,101,131,True
0.14341251068,1273,0,65,101,131,False
-0.0217294783718,2340,0,167,102,131,True
-0.0217294783718,1351,0,97,102,131,False
-0.0898290613397,757,0,38,103,131,True
-0.0898290613397,2279,0,127,103,131,False
0.0578216155148,1111,0,73,104,131,True
0.0578216155148,1809,0,133,104,131,False
-0.351974936928,1544,0,110,105,131,True
-0.351974936928,1378,0,90,105,131,False
0.174073308912,1361,0,106,106,131,True
0.174073308912,1332,0,129,106,131,False
0.234373326767,1992,0,139,107,131,True
0.234373326767,1186,0,102,107,131,False
-0.0301752683805,1940,0,169,108,131,True
-0.0301752683805,1371,0,113,108,131,False
-0.106077865839,1385,0,84,109,131,True
-0.106077865839,1429,0,71,109,131,False
-0.00914814317495,1752,0,142,110,131,True
-0.00914814317495,1269,0,72,110,131,False
-0.364693501282,2632,0,165,111,131,True
-0.364693501282,1594,0,110,111,131,False
0.0709060930634,1473,0,84,112,131,True
0.0709060930634,1152,0,53,112,131,False
-0.0796184233909,1538,0,118,113,131,True
-0.0796184233909,1453,0,112,113,131,False
0.0390665087904,1384,0,96,114,131,True
0.0390665087904,1406,0,97,114,131,False
0.0231861019565,1491,0,98,115,131,True
0.0231861019565,1373,0,102,115,131,False
-0.207414343622,1463,0,101,116,131,True
-0.207414343622,961,0,63,116,131,False
-0.0646605195708,2022,0,136,117,131,True
-0.0646605195708,895,0,67,117,131,False
-0.0964733801705,1954,0,115,118,131,True
-0.0964733801705,1006,0,64,118,131,False
-0.0479947728444,1679,0,109,119,131,True
-0.0479947728444,1332,0,95,119,131,False
0.0366967287393,1788,0,113,113,132,True
0.0366967287393,1090,0,61,113,132,False
-0.107556790619,1046,0,64,114,132,True
-0.107556790619,1245,0,80,114,132,False
-0.316333521436,1574,0,94,115,132,True
-0.316333521436,1072,0,72,115,132,False
0.0781112921661,527,0,20,101,133,True
0.0781112921661,1481,0,67,101,133,False
-0.265451443767,1191,0,73,102,133,True
-0.265451443767,1648,0,108,102,133,False
0.174725023921,831,0,34,104,133,True
0.174725023921,1713,0,84,104,133,False
0.231905433838,1660,0,114,105,133,True
0.231905433838,966,0,57,105,133,False
-0.032575639078,1399,0,105,106,133,True
-0.032575639078,1376,0,105,106,133,False
0.104874866273,1936,0,143,107,133,True
0.104874866273,1073,0,57,107,133,False
0.10940301882,1501,0,101,108,133,True
0.10940301882,1401,0,99,108,133,False
-0.0857595750306,1302,0,61,109,133,True
-0.0857595750306,1573,0,95,109,133,False
-0.259021243879,1837,0,141,110,133,True
-0.259021243879,1556,0,124,110,133,False
0.0175248546385,1884,0,132,111,133,True
0.0175248546385,1617,0,111,111,133,False
0.00659519412149,905,0,62,112,133,True
0.00659519412149,1276,0,82,112,133,False
-0.245541249217,1006,0,89,114,133,True
-0.245541249217,1254,0,81,114,133,False
-0.0837867135164,1637,0,104,115,133,True
-0.0837867135164,1137,0,89,115,133,False
-0.0680698328944,1068,0,80,116,133,True
-0.0680698328944,911,0,57,116,133,False
-0.197701068463,1782,0,148,117,133,True
-0.197701068463,814,0,51,117,133,False
0.413741771102,1092,0,70,118,133,True
0.413741771102,917,0,40,118,133,False
0.274408885851,2130,0,141,119,133,True
0.274408885851,1009,0,63,119,133,False
0.0964563947045,1665,0,128,108,134,True
0.0964563947045,1290,0,107,108,134,False
0.137583551975,1256,0,89,109,134,True
0.137583551975,2084,0,155,109,134,False
-0.0963551050819,1686,0,114,110,134,True
-0.0963551050819,1405,0,90,110,134,False
0.0649977861032,1878,0,123,111,134,True
0.0649977861032,1943,0,109,111,134,False
0.243161006668,1161,0,80,112,134,True
0.243161006668,1401,0,89,112,134,False
0.15374821842,1485,0,130,113,134,True
0.15374821842,1498,0,120,113,134,False
0.106423190036,1679,0,102,114,134,True
0.106423190036,1272,0,51,114,134,False
0.333778237489,1131,0,69,101,135,True
0.333778237489,1282,0,84,101,135,False
-0.278351792987,2263,0,111,102,135,True
-0.278351792987,1372,0,102,102,135,False
-0.0739056945567,1397,0,64,103,135,True
-0.0739056945567,1115,0,78,103,135,False
0.217162686667,1397,0,63,104,135,True
0.217162686667,1388,0,90,104,135,False
-0.177226518833,1711,0,140,105,135,True
-0.177226518833,891,0,60,105,135,False
0.0895655648653,1278,0,86,106,135,True
0.0895655648653,1326,0,100,106,135,False
-0.229531801576,1683,0,130,107,135,True
-0.229531801576,932,0,87,107,135,False
0.156412474788,1853,0,127,108,135,True
0.156412474788,1498,0,97,108,135,False
0.0249951945876,1336,0,60,109,135,True
0.0249951945876,1402,0,91,109,135,False
-0.0927751794144,1592,0,132,110,135,True
-0.0927751794144,1197,0,89,110,135,False
0.149921712877,1980,0,103,111,135,True
0.149921712877,1291,0,101,111,135,False
0.107992682189,1193,0,81,112,135,True
0.107992682189,950,0,65,112,135,False
0.0380210737492,1627,0,125,113,135,True
0.0380210737492,1151,0,75,113,135,False
0.0134444082747,1506,0,101,114,135,True
0.0134444082747,1117,0,67,114,135,False
0.00659336652813,1652,0,119,115,135,True
0.00659336652813,1428,0,106,115,135,False
-0.0582847403775,1575,0,85,116,135,True
-0.0582847403775,1218,0,75,116,135,False
0.11828711179,1930,0,120,117,135,True
0.11828711179,954,0,77,117,135,False
0.169272364332,1593,0,108,118,135,True
0.169272364332,1214,0,84,118,135,False
-0.210862475561,2158,0,164,119,135,True
-0.210862475561,1175,0,101,119,135,False
0.0865031238201,805,0,34,101,136,True
0.0865031238201,1720,0,75,101,136,False
0.163436432043,1381,0,77,102,136,True
0.163436432043,915,0,61,102,136,False
-0.265687558988,1797,0,122,103,136,True
-0.265687558988,1714,0,110,103,136,False
-0.212566969236,1538,0,98,102,136,True
-0.212566969236,1223,0,85,102,136,False
0.015127371013,1819,0,137,105,136,True
0.015127371013,1010,0,53,105,136,False
-0.0241239562174,1362,0,112,106,136,True
-0.0241239562174,1250,0,108,106,136,False
0.163099579902,1836,0,135,107,136,True
0.163099579902,895,0,66,107,136,False
0.234255486033,1601,0,118,108,136,True
0.234255486033,1343,0,94,108,136,False
-0.227863783354,1134,0,74,109,136,True
-0.227863783354,1573,0,127,109,136,False
-0.0119304961816,1565,0,131,110,136,True
-0.0119304961816,1256,0,92,110,136,False
-0.154930849073,2089,0,142,111,136,True
-0.154930849073,1396,0,76,111,136,False
0.0287691612943,927,0,52,112,136,True
0.0287691612943,878,0,46,112,136,False
0.125026572846,1366,0,126,113,136,True
0.125026572846,1205,0,104,113,136,False
0.373722653752,1586,0,111,114,136,True
0.373722653752,1109,0,81,114,136,False
0.0711639068252,1472,0,109,115,136,True
0.0711639068252,1168,0,88,115,136,False
0.0824514723345,1627,0,108,116,136,True
0.0824514723345,1412,0,106,116,136,False
-0.0612864783921,1833,0,154,117,136,True
-0.0612864783921,808,0,66,117,136,False
-0.0494437375669,1871,0,152,118,136,True
-0.0494437375669,754,0,58,118,136,False
0.0892779754536,1493,0,109,119,136,True
0.0892779754536,1193,0,79,119,136,False
-0.00217951974854,890,0,40,101,137,True
-0.00217951974854,1557,0,86,101,137,False
0.209978145823,1294,0,82,102,137,True
0.209978145823,1613,0,99,102,137,False
-0.296639003346,1212,0,98,103,137,True
-0.296639003346,1689,0,113,103,137,False
-0.031103308885,945,0,55,104,137,True
-0.031103308885,2114,0,93,104,137,False
-0.0901207885991,1156,0,65,105,137,True
-0.0901207885991,1523,0,100,105,137,False
0.0247850214841,957,0,55,106,137,True
0.0247850214841,1807,0,97,106,137,False
-0.314403023964,1383,0,98,107,137,True
-0.314403023964,1753,0,124,107,137,False
-0.44361806116,1269,0,80,108,137,True
-0.44361806116,1699,0,115,108,137,False
0.0581888886667,777,0,34,109,137,True
0.0581888886667,1977,0,102,109,137,False
-0.0826142707764,1362,0,81,110,137,True
-0.0826142707764,2042,0,171,110,137,False
-0.0826472025392,1624,0,101,111,137,True
-0.0826472025392,2511,0,162,111,137,False
-0.0753810566353,853,0,49,112,137,True
-0.0753810566353,1946,0,95,112,137,False
-0.172909582651,903,0,48,113,137,True
-0.172909582651,1488,0,125,113,137,False
-0.111190757494,1212,0,89,114,137,True
-0.111190757494,1749,0,128,114,137,False
-0.0261607909291,732,0,23,115,137,True
-0.0261607909291,1972,0,103,115,137,False
-0.0847054742357,1029,0,51,116,137,True
-0.0847054742357,1900,0,121,116,137,False
-0.0715348402626,1063,0,57,117,137,True
-0.0715348402626,1916,0,108,117,137,False
0.0730481960065,787,0,33,118,137,True
0.0730481960065,1637,0,87,118,137,False
0.0512550184866,951,0,40,119,137,True
0.0512550184866,1522,0,89,119,137,False
-0.132094569849,1136,0,76,101,138,True
-0.132094569849,1766,0,95,101,138,False
-0.362911170462,1661,0,156,102,138,True
-0.362911170462,1471,0,116,102,138,False
-0.214806319277,1563,0,103,103,138,True
-0.214806319277,2135,0,125,103,138,False
0.163298275053,1065,0,69,104,138,True
0.163298275053,1638,0,105,104,138,False
0.349139985934,1230,0,63,105,138,True
0.349139985934,1401,0,65,105,138,False
-0.246800804292,1328,0,113,106,138,True
-0.246800804292,1670,0,136,106,138,False
0.121129346787,1825,0,141,107,138,True
0.121129346787,1900,0,142,107,138,False
-0.379955051109,1555,0,106,108,138,True
-0.379955051109,1961,0,121,108,138,False
-0.0374479348018,1321,0,77,109,138,True
-0.0374479348018,1802,0,74,109,138,False
-0.145979854175,1617,0,102,110,138,True
-0.145979854175,1568,0,90,110,138,False
0.0878797437766,2218,0,132,111,138,True
0.0878797437766,2044,0,140,111,138,False
-0.323235033752,695,0,28,112,138,True
-0.323235033752,789,0,35,112,138,False
-0.215150444571,1893,0,183,113,138,True
-0.215150444571,1341,0,127,113,138,False
-0.181530649062,1164,0,86,114,138,True
-0.181530649062,2195,0,143,114,138,False
-0.132463444431,1741,0,148,115,138,True
-0.132463444431,1506,0,107,115,138,False
-0.146455956881,640,0,40,116,138,True
-0.146455956881,1001,0,51,116,138,False
-0.191117787968,1238,0,110,117,138,True
-0.191117787968,1552,0,119,117,138,False
0.396112815979,1115,0,59,118,138,True
0.396112815979,1264,0,70,118,138,False
-0.102330975268,1790,0,140,119,138,True
-0.102330975268,1915,0,123,119,138,False
-0.355040053997,1204,0,90,101,139,True
-0.355040053997,1356,0,112,101,139,False
-0.284948225318,1808,0,138,102,139,True
-0.284948225318,785,0,62,102,139,False
-0.282255966244,1835,0,161,103,139,True
-0.282255966244,1323,0,131,103,139,False
-0.205070240205,1297,0,119,104,139,True
-0.205070240205,1675,0,125,104,139,False
-0.0975787321351,1795,0,163,105,139,True
-0.0975787321351,1349,0,113,105,139,False
-0.115411082873,1551,0,129,106,139,True
-0.115411082873,1526,0,133,106,139,False
-0.0472690489607,1763,0,155,107,139,True
-0.0472690489607,1232,0,90,107,139,False
-0.0705185089203,1647,0,132,108,139,True
-0.0705185089203,1718,0,140,108,139,False
-0.297204859877,1038,0,84,109,139,True
-0.297204859877,960,0,76,109,139,False
-0.209966719679,1325,0,81,110,139,True
-0.209966719679,1372,0,87,110,139,False
-0.0805352991583,2380,0,177,111,139,True
-0.0805352991583,1464,0,124,111,139,False
0.00209731710157,1133,0,77,112,139,True
0.00209731710157,1181,0,76,112,139,False
-0.128291068014,1793,0,160,113,139,True
-0.128291068014,1304,0,130,113,139,False
-0.169797737527,1799,0,109,114,139,True
-0.169797737527,1283,0,83,114,139,False
0.0915260258963,1456,0,114,115,139,True
0.0915260258963,1457,0,110,115,139,False
-0.185055628401,1490,0,101,116,139,True
-0.185055628401,1704,0,136,116,139,False
-0.258011224651,1682,0,94,117,139,True
-0.258011224651,1956,0,163,117,139,False
-0.196628728509,1582,0,124,118,139,True
-0.196628728509,1818,0,142,118,139,False
-0.252395588357,1463,0,93,201,228,True
-0.252395588357,1480,0,90,201,228,False
-0.000107253627557,1542,0,72,201,233,True
-0.000107253627557,1345,0,56,201,233,False
0.0181038229009,1745,0,89,205,228,True
0.0181038229009,1379,0,81,205,228,False
0.310798243061,1460,0,101,206,228,True
0.310798243061,1742,0,118,206,228,False
-0.0960535266376,2314,0,127,207,228,True
-0.0960535266376,2490,0,171,207,228,False
-0.148971410148,1465,0,105,208,228,True
-0.148971410148,1972,0,117,208,228,False
-0.205556583988,1731,0,103,209,228,True
-0.205556583988,1297,0,82,209,228,False
0.168474923691,2090,0,137,209,237,True
0.168474923691,2038,0,127,209,237,False
-0.102579904762,1939,0,142,209,238,True
-0.102579904762,1270,0,79,209,238,False
-0.094270454054,1241,0,64,211,228,True
-0.094270454054,1579,0,83,211,228,False
-0.101394084141,1980,0,140,211,234,True
-0.101394084141,1910,0,144,211,234,False
-0.0609739124362,2150,0,138,212,228,True
-0.0609739124362,1382,0,97,212,228,False
0.0815404414268,1617,0,120,213,221,True
0.0815404414268,1339,0,83,213,221,False
0.199587861413,1709,0,108,213,228,True
0.199587861413,2119,0,135,213,228,False
0.261405140144,1519,0,92,213,233,True
0.261405140144,1226,0,64,213,233,False
-0.0216729656143,1229,0,99,214,221,True
-0.0216729656143,1476,0,102,214,221,False
-0.0470537593718,1292,0,88,214,228,True
-0.0470537593718,1610,0,100,214,228,False
0.0507487386691,1276,0,56,214,233,True
0.0507487386691,777,0,24,214,233,False
0.0430488294647,1371,0,87,215,228,True
0.0430488294647,1737,0,131,215,228,False
0.0961531983562,1232,0,78,215,233,True
0.0961531983562,1505,0,96,215,233,False
-0.182565264451,2479,0,170,217,228,True
-0.182565264451,1558,0,100,217,228,False
0.391908848021,2523,0,96,217,233,True
0.391908848021,1091,0,41,217,233,False
0.00497289970745,2628,0,174,218,228,True
0.00497289970745,1189,0,61,218,228,False
0.0482772106044,2134,0,119,218,233,True
0.0482772106044,991,0,50,218,233,False
0.365736137917,1537,0,121,219,228,True
0.365736137917,1625,0,93,219,228,False
0.279861957156,1766,0,95,219,233,True
0.279861957156,1745,0,106,219,233,False
-0.0904525377413,1603,0,108,220,228,True
-0.0904525377413,1479,0,88,220,228,False
-0.0881108162567,1517,0,85,220,233,True
-0.0881108162567,1314,0,63,220,233,False
0.0218924932685,1537,0,87,200,221,True
0.0218924932685,1672,0,96,200,221,False
0.202214197553,1217,0,82,201,221,True
0.202214197553,1452,0,97,201,221,False
0.0111402301317,2089,0,168,203,221,True
0.0111402301317,1593,0,129,203,221,False
-0.0552437504141,1672,0,122,204,221,True
-0.0552437504141,1377,0,75,204,221,False
-0.411534786601,1554,0,100,205,221,True
-0.411534786601,1363,0,79,205,221,False
0.106914349618,1934,0,143,206,221,True
0.106914349618,1239,0,94,206,221,False
-0.108261092007,1728,0,133,207,221,True
-0.108261092007,1507,0,136,207,221,False
0.0151281879201,1208,0,77,208,221,True
0.0151281879201,2123,0,148,208,221,False
-0.0358987569066,1643,0,131,209,221,True
-0.0358987569066,1655,0,128,209,221,False
0.0543102347376,1027,0,61,210,221,True
0.0543102347376,1531,0,100,210,221,False
0.164314050066,1526,0,110,211,221,True
0.164314050066,1626,0,147,211,221,False
-0.0967403787173,1776,0,137,212,221,True
-0.0967403787173,1416,0,104,212,221,False
0.0214483459976,1055,0,82,215,221,True
0.0214483459976,1717,0,96,215,221,False
0.0723570315974,1812,0,125,217,221,True
0.0723570315974,1583,0,112,217,221,False
-0.257557906343,1182,0,79,218,221,True
-0.257557906343,396,0,29,218,221,False
-0.00347080811813,1541,0,106,219,221,True
-0.00347080811813,1915,0,152,219,221,False
0.138321998375,1359,0,76,220,221,True
0.138321998375,1700,0,133,220,221,False
-0.0849526916155,1490,0,86,200,222,True
-0.0849526916155,1426,0,92,200,222,False
-0.0396915389298,1582,0,112,201,222,True
-0.0396915389298,2027,0,128,201,222,False
0.00713123512818,1514,0,114,203,222,True
0.00713123512818,1176,0,89,203,222,False
0.0386236383293,1594,0,131,204,222,True
0.0386236383293,1088,0,100,204,222,False
0.174996359541,1363,0,78,205,222,True
0.174996359541,1758,0,120,205,222,False
-0.0580090819997,1540,0,114,206,222,True
-0.0580090819997,1614,0,96,206,222,False
-0.0957143459359,1972,0,151,207,222,True
-0.0957143459359,1352,0,107,207,222,False
-0.152237689518,1449,0,123,208,222,True
-0.152237689518,1549,0,126,208,222,False
0.145987395967,1531,0,97,209,222,True
0.145987395967,1389,0,99,209,222,False
0.0470300230859,1130,0,68,210,222,True
0.0470300230859,1370,0,82,210,222,False
-0.0847412624859,1541,0,132,211,222,True
-0.0847412624859,1757,0,132,211,222,False
0.13895367601,1856,0,139,212,222,True
0.13895367601,1595,0,112,212,222,False
-0.312811560483,1409,0,92,213,222,True
-0.312811560483,1633,0,124,213,222,False
0.166624030152,1412,0,119,214,222,True
0.166624030152,1787,0,134,214,222,False
0.153477682636,1156,0,104,215,222,True
0.153477682636,1873,0,125,215,222,False
-0.0372179615139,2011,0,179,217,222,True
-0.0372179615139,1119,0,97,217,222,False
-0.171564638111,2275,0,140,218,222,True
-0.171564638111,1157,0,71,218,222,False
-0.0316926920015,1414,0,102,219,222,True
-0.0316926920015,1886,0,119,219,222,False
-0.0238486128767,1555,0,113,220,222,True
-0.0238486128767,1789,0,118,220,222,False
0.160538259258,1473,0,107,200,223,True
0.160538259258,1603,0,106,200,223,False
-0.137281044638,1488,0,90,201,223,True
-0.137281044638,1396,0,91,201,223,False
0.0866376279077,1594,0,109,203,223,True
0.0866376279077,1777,0,137,203,223,False
0.0476237096263,1243,0,137,204,223,True
0.0476237096263,2263,0,163,204,223,False
-0.14201941703,1915,0,153,205,223,True
-0.14201941703,1602,0,116,205,223,False
-0.0852936705829,1649,0,135,206,223,True
-0.0852936705829,1800,0,132,206,223,False
0.131866888426,1740,0,125,207,223,True
0.131866888426,1758,0,112,207,223,False
-0.0281597384043,1214,0,100,208,223,True
-0.0281597384043,1800,0,128,208,223,False
0.200091854694,1492,0,104,209,223,True
0.200091854694,1462,0,90,209,223,False
-0.0239500678701,1117,0,56,210,223,True
-0.0239500678701,1157,0,56,210,223,False
-0.101586244912,1644,0,135,211,223,True
-0.101586244912,1301,0,64,211,223,False
-0.296049378606,1671,0,120,212,223,True
-0.296049378606,2067,0,157,212,223,False
0.0166559670491,1498,0,105,213,223,True
0.0166559670491,1718,0,117,213,223,False
-0.142296104759,1501,0,128,214,223,True
-0.142296104759,1720,0,149,214,223,False
-0.0776661824431,1194,0,94,215,223,True
-0.0776661824431,2057,0,177,215,223,False
-0.0485135546804,1586,0,104,217,223,True
-0.0485135546804,1651,0,109,217,223,False
0.179443335868,2234,0,184,218,223,True
0.179443335868,1613,0,118,218,223,False
0.142520855997,1126,0,72,219,223,True
0.142520855997,1856,0,124,219,223,False
0.0705891559328,1563,0,127,220,223,True
0.0705891559328,1940,0,108,220,223,False
0.202753780697,1225,0,76,200,224,True
0.202753780697,1767,0,97,200,224,False
0.114054467606,1697,0,95,201,224,True
0.114054467606,1561,0,115,201,224,False
0.0715063738146,2294,0,190,203,224,True
0.0715063738146,2208,0,197,203,224,False
0.249834745442,1760,0,137,204,224,True
0.249834745442,1480,0,117,204,224,False
-0.195520028079,1370,0,69,205,224,True
-0.195520028079,1762,0,130,205,224,False
-0.0484088789769,1860,0,137,206,224,True
-0.0484088789769,1513,0,101,206,224,False
-0.247893570858,2083,0,134,207,224,True
-0.247893570858,1649,0,97,207,224,False
0.048383834995,1009,0,60,208,224,True
0.048383834995,1953,0,122,208,224,False
-0.17219496256,1650,0,127,209,224,True
-0.17219496256,1615,0,109,209,224,False
0.119786260355,991,0,40,210,224,True
0.119786260355,1670,0,86,210,224,False
-0.218595410598,1774,0,100,211,224,True
-0.218595410598,1738,0,101,211,224,False
-0.18183645215,1714,0,108,212,224,True
-0.18183645215,1625,0,86,212,224,False
0.364134850865,1440,0,94,213,224,True
0.364134850865,2140,0,145,213,224,False
-0.277071710242,1684,0,136,214,224,True
-0.277071710242,1756,0,93,214,224,False
-0.164954827825,830,0,58,215,224,True
-0.164954827825,1575,0,120,215,224,False
-0.110655906913,2187,0,165,217,224,True
-0.110655906913,1376,0,112,217,224,False
-0.0859060753245,1969,0,162,218,224,True
-0.0859060753245,1549,0,113,218,224,False
-0.0897003998913,1571,0,121,219,224,True
-0.0897003998913,1887,0,141,219,224,False
-0.0781623675721,2050,0,141,220,224,True
-0.0781623675721,1542,0,106,220,224,False
0.00042601896172,1181,0,86,200,226,True
0.00042601896172,1685,0,110,200,226,False
-0.141004683405,869,0,42,201,226,True
-0.141004683405,1588,0,103,201,226,False
-0.0449786530102,1901,0,90,203,226,True
-0.0449786530102,1507,0,100,203,226,False
0.161975577928,1107,0,74,204,226,True
0.161975577928,1074,0,48,204,226,False
-0.0201130684884,1514,0,103,205,226,True
-0.0201130684884,1562,0,84,205,226,False
0.150932044423,1121,0,78,206,226,True
0.150932044423,1801,0,120,206,226,False
0.085372362483,1763,0,116,207,226,True
0.085372362483,1585,0,92,207,226,False
0.153684124877,969,0,71,208,226,True
0.153684124877,1412,0,63,208,226,False
-0.0278996691717,1297,0,80,209,226,True
-0.0278996691717,1315,0,89,209,226,False
-0.21907128259,951,0,64,210,226,True
-0.21907128259,1342,0,76,210,226,False
0.0164757785015,813,0,45,211,226,True
0.0164757785015,1709,0,98,211,226,False
-0.264426273926,1249,0,103,212,226,True
-0.264426273926,1492,0,103,212,226,False
-0.00943987552696,886,0,75,213,226,True
-0.00943987552696,1620,0,152,213,226,False
0.0512439950307,1171,0,101,214,226,True
0.0512439950307,1834,0,146,214,226,False
0.28945631589,1059,0,67,215,226,True
0.28945631589,1373,0,80,215,226,False
0.0590856868552,1244,0,92,217,226,True
0.0590856868552,1394,0,95,217,226,False
-0.158206147743,1709,0,162,218,226,True
-0.158206147743,1029,0,69,218,226,False
-0.0923451598927,1218,0,84,219,226,True
-0.0923451598927,2045,0,137,219,226,False
0.0764169874199,1385,0,70,220,226,True
0.0764169874199,1450,0,79,220,226,False
0.241784886011,1190,0,85,200,227,True
0.241784886011,1477,0,73,200,227,False
0.0238737350958,1130,0,71,201,227,True
0.0238737350958,1340,0,93,201,227,False
0.0304623761363,1566,0,97,203,227,True
0.0304623761363,1586,0,99,203,227,False
-0.155543194601,1532,0,108,204,227,True
-0.155543194601,1870,0,129,204,227,False
0.381309705107,879,0,43,205,227,True
0.381309705107,1643,0,90,205,227,False
-0.18073874812,1636,0,102,206,227,True
-0.18073874812,1997,0,138,206,227,False
-0.108375057446,1207,0,98,207,227,True
-0.108375057446,1559,0,99,207,227,False
-0.106640143242,1077,0,75,208,227,True
-0.106640143242,1565,0,105,208,227,False
0.283251706727,1262,0,97,209,227,True
0.283251706727,1359,0,100,209,227,False
-0.13083709323,958,0,56,210,227,True
-0.13083709323,930,0,58,210,227,False
-0.0274416241794,835,0,25,211,227,True
-0.0274416241794,1696,0,63,211,227,False
-0.189509068223,1658,0,62,212,227,True
-0.189509068223,2203,0,125,212,227,False
0.159426297611,1276,0,78,213,227,True
0.159426297611,1391,0,60,213,227,False
0.178824026625,1082,0,80,214,227,True
0.178824026625,1663,0,121,214,227,False
0.092186571867,771,0,41,215,227,True
0.092186571867,1736,0,76,215,227,False
-0.0235239277721,1867,0,99,217,227,True
-0.0235239277721,1320,0,87,217,227,False
-0.0753836443588,1405,0,80,218,227,True
-0.0753836443588,1322,0,77,218,227,False
-0.00443897213359,1376,0,85,219,227,True
-0.00443897213359,1957,0,131,219,227,False
0.0938465666346,1250,0,70,220,227,True
0.0938465666346,1399,0,117,220,227,False
0.0974596047293,1138,0,56,200,229,True
0.0974596047293,1647,0,83,200,229,False
-0.0891579169705,1169,0,71,201,229,True
-0.0891579169705,823,0,58,201,229,False
0.190577843592,1504,0,96,203,229,True
0.190577843592,1197,0,83,203,229,False
-0.0451297401172,1004,0,64,204,229,True
-0.0451297401172,1473,0,89,204,229,False
0.00738115767602,902,0,55,205,229,True
0.00738115767602,876,0,57,205,229,False
0.197481559116,1515,0,106,206,229,True
0.197481559116,1662,0,124,206,229,False
-0.191139035263,1410,0,92,207,229,True
-0.191139035263,1874,0,131,207,229,False
0.044485135795,1598,0,130,208,229,True
0.044485135795,1990,0,157,208,229,False
0.105355597256,1214,0,76,209,229,True
0.105355597256,1396,0,65,209,229,False
-0.0373415555498,1266,0,49,210,229,True
-0.0373415555498,1279,0,51,210,229,False
-0.080548436332,1372,0,67,211,229,True
-0.080548436332,1683,0,103,211,229,False
-0.0981999631022,1393,0,86,212,229,True
-0.0981999631022,1452,0,85,212,229,False
-0.331113428685,1745,0,95,213,229,True
-0.331113428685,1496,0,87,213,229,False
0.0156632480286,925,0,64,214,229,True
0.0156632480286,1867,0,115,214,229,False
0.170683054364,875,0,61,215,229,True
0.170683054364,1664,0,104,215,229,False
0.108627368597,1210,0,82,217,229,True
0.108627368597,1788,0,121,217,229,False
-0.0459793213106,1949,0,111,218,229,True
-0.0459793213106,1649,0,110,218,229,False
-0.145015224274,1069,0,75,219,229,True
-0.145015224274,1581,0,108,219,229,False
0.160885219881,895,0,49,220,229,True
0.160885219881,1990,0,138,220,229,False
0.118478224153,1202,0,51,200,230,True
0.118478224153,1691,0,82,200,230,False
-0.0641226722864,1856,0,152,201,230,True
-0.0641226722864,1941,0,158,201,230,False
0.118271997505,1978,0,183,203,230,True
0.118271997505,2096,0,178,203,230,False
0.0073092515556,1427,0,102,204,230,True
0.0073092515556,2098,0,153,204,230,False
-0.034645425762,1506,0,112,205,230,True
-0.034645425762,2201,0,137,205,230,False
-0.0529163764398,1652,0,121,206,230,True
-0.0529163764398,1883,0,138,206,230,False
-0.0642419101264,1698,0,117,207,230,True
-0.0642419101264,2350,0,184,207,230,False
0.167628725569,1551,0,100,208,230,True
0.167628725569,2104,0,141,208,230,False
-0.0591407375147,2291,0,157,209,230,True
-0.0591407375147,2691,0,201,209,230,False
-0.0663508920068,1334,0,77,210,230,True
-0.0663508920068,1894,0,125,210,230,False
-0.248697831341,1783,0,131,211,230,True
-0.248697831341,2262,0,159,211,230,False
-0.204613031637,2312,0,160,212,230,True
-0.204613031637,2011,0,149,212,230,False
0.273930211347,1596,0,101,213,230,True
0.273930211347,2205,0,167,213,230,False
-0.0604578548786,1569,0,147,214,230,True
-0.0604578548786,2136,0,165,214,230,False
-0.225566250658,1423,0,96,215,230,True
-0.225566250658,2254,0,185,215,230,False
0.118699035855,1772,0,124,217,230,True
0.118699035855,2010,0,137,217,230,False
-0.177383346914,2610,0,178,218,230,True
-0.177383346914,1791,0,120,218,230,False
0.0479980257863,1421,0,108,219,230,True
0.0479980257863,2754,0,202,219,230,False
0.129948616444,1426,0,100,220,230,True
0.129948616444,1974,0,154,220,230,False
-0.128435427263,1194,0,69,200,231,True
-0.128435427263,1996,0,135,200,231,False
-0.0633992932518,1368,0,93,201,231,True
-0.0633992932518,1478,0,96,201,231,False
0.0549070559624,2171,0,179,203,231,True
0.0549070559624,1632,0,133,203,231,False
-0.0286483992164,1711,0,122,204,231,True
-0.0286483992164,1784,0,121,204,231,False
-0.146312006133,1878,0,136,205,231,True
-0.146312006133,2000,0,136,205,231,False
-0.129424982687,1361,0,102,206,231,True
-0.129424982687,1777,0,146,206,231,False
-0.0118888214236,1466,0,117,207,231,True
-0.0118888214236,2066,0,216,207,231,False
-0.0185638258342,1507,0,111,208,231,True
-0.0185638258342,2309,0,174,208,231,False
0.0149141065188,1700,0,113,109,231,True
0.0149141065188,1821,0,128,109,231,False
-0.0419503230158,1369,0,111,210,230,True
-0.0419503230158,1417,0,120,210,230,False
-0.241997926847,868,0,75,211,230,True
-0.241997926847,1824,0,159,211,230,False
-0.0796618684607,1853,0,177,212,231,True
-0.0796618684607,1910,0,170,212,231,False
0.0301567223744,1642,0,138,213,231,True
0.0301567223744,2166,0,169,213,231,False
-0.182044831063,1480,0,129,214,231,True
-0.182044831063,1753,0,151,214,231,False
0.0186580176593,1037,0,62,215,231,True
0.0186580176593,1887,0,131,215,231,False
-0.170900640073,1916,0,137,217,231,True
-0.170900640073,1718,0,125,217,231,False
0.0169033542653,1858,0,157,218,231,True
0.0169033542653,1599,0,123,218,231,False
-0.26556547863,1317,0,112,219,231,True
-0.26556547863,2494,0,178,219,231,False
0.0696637955447,2083,0,147,220,231,True
0.0696637955447,1839,0,139,220,231,False
-0.213797621178,1581,0,125,200,232,True
-0.213797621178,1459,0,113,200,232,False
-0.0298621351359,1666,0,115,201,232,True
-0.0298621351359,1545,0,133,201,232,False
-0.118195628557,1768,0,120,203,232,True
-0.118195628557,1442,0,108,203,232,False
-0.155764133893,3756,0,113,204,232,True
-0.155764133893,3416,0,78,204,232,False
-0.290781736463,2994,0,92,205,232,True
-0.290781736463,2814,0,64,205,232,False
-0.422124169395,1663,0,104,206,232,True
-0.422124169395,1077,0,71,206,232,False
0.0334213707611,1713,0,130,207,232,True
0.0334213707611,1652,0,150,207,232,False
-0.114804694199,1408,0,91,208,232,True
-0.114804694199,1662,0,110,208,232,False
0.0375968811092,1514,0,113,209,232,True
0.0375968811092,1664,0,127,209,232,False
-0.0774050371404,962,0,43,210,232,True
-0.0774050371404,1157,0,52,210,232,False
-0.0508277515063,2186,0,165,211,232,True
-0.0508277515063,2339,0,162,211,232,False
-0.0538977818944,1929,0,141,212,232,True
-0.0538977818944,1564,0,111,212,232,False
0.168654261255,1838,0,118,213,232,True
0.168654261255,1687,0,123,213,232,False
-0.284177854462,1409,0,101,214,232,True
-0.284177854462,1611,0,119,214,232,False
0.0225491270601,1261,0,103,215,232,True
0.0225491270601,1525,0,114,215,232,False
0.134421154267,2191,0,134,217,232,True
0.134421154267,1074,0,68,217,232,False
-0.0120802869386,1948,0,135,218,232,True
-0.0120802869386,1436,0,106,218,232,False
-0.0287873554399,1542,0,126,219,232,True
-0.0287873554399,1872,0,149,219,232,False
-0.181443305827,1362,0,92,220,232,True
-0.181443305827,1678,0,101,220,232,False
-0.130188258915,2122,0,171,203,233,True
-0.130188258915,1313,0,65,203,233,False
0.116310346904,911,0,54,204,233,True
0.116310346904,756,0,62,204,233,False
-0.00799950685377,1459,0,90,205,233,True
-0.00799950685377,1549,0,97,205,233,False
-0.0470041140473,1040,0,81,206,233,True
-0.0470041140473,1742,0,116,206,233,False
0.336766175623,1425,0,75,207,233,True
0.336766175623,1302,0,83,207,233,False
-0.143815087477,1009,0,67,208,233,True
-0.143815087477,1679,0,137,208,233,False
0.143737938595,2011,0,138,209,233,True
0.143737938595,1461,0,93,209,233,False
-0.348607395497,1000,0,69,210,233,True
-0.348607395497,1152,0,63,210,233,False
0.0813489659897,1477,0,101,211,233,True
0.0813489659897,1469,0,75,211,233,False
0.413187958415,1980,0,139,212,233,True
0.413187958415,1666,0,136,212,233,False
-0.0247180393878,1425,0,95,200,234,True
-0.0247180393878,1277,0,79,200,234,False
0.143072627361,1796,0,92,201,234,True
0.143072627361,1274,0,81,201,234,False
0.339493456638,1848,0,108,203,234,True
0.339493456638,1313,0,91,203,234,False
0.0717043639196,1778,0,153,204,234,True
0.0717043639196,1126,0,106,204,234,False
0.0633750222298,2001,0,120,205,234,True
0.0633750222298,883,0,48,205,234,False
0.019462272025,1361,0,95,206,234,True
0.019462272025,1791,0,118,206,234,False
-0.200463842263,1927,0,132,207,234,True
-0.200463842263,1429,0,123,207,234,False
-0.140685241022,1258,0,96,208,234,True
-0.140685241022,1666,0,131,208,234,False
0.039674856333,1692,0,143,209,234,True
0.039674856333,1184,0,89,209,234,False
0.248574856633,1336,0,98,210,234,True
0.248574856633,1411,0,103,210,234,False
0.058794104214,2736,0,124,212,234,True
0.058794104214,1116,0,71,212,234,False
0.0515570698297,1729,0,129,213,234,True
0.0515570698297,1980,0,155,213,234,False
0.0489749817379,1710,0,125,214,234,True
0.0489749817379,1723,0,125,214,234,False
-0.137721000406,1652,0,98,215,234,True
-0.137721000406,1351,0,56,215,234,False
0.225857884573,1759,0,138,217,234,True
0.225857884573,1247,0,111,217,234,False
0.0398485416982,2665,0,219,218,234,True
0.0398485416982,1099,0,87,218,234,False
-0.197584903769,1375,0,77,219,234,True
-0.197584903769,1059,0,64,219,234,False
-0.181194599849,1593,0,143,220,234,True
-0.181194599849,1403,0,107,220,234,False
0.164451123076,1450,0,93,200,235,True
0.164451123076,1812,0,97,200,235,False
-0.00384554212993,1318,0,86,201,235,True
-0.00384554212993,1875,0,121,201,235,False
0.0199438991893,2158,0,150,203,235,True
0.0199438991893,2156,0,147,203,235,False
0.0173745152932,1873,0,149,204,235,True
0.0173745152932,1098,0,74,204,235,False
0.0203306656371,1769,0,123,205,235,True
0.0203306656371,1666,0,108,205,235,False
-0.0978769199569,1548,0,108,206,235,True
-0.0978769199569,2098,0,136,206,235,False
-0.140044393897,2029,0,171,207,235,True
-0.140044393897,1992,0,122,207,235,False
-0.0531896326262,1306,0,91,208,235,True
-0.0531896326262,2186,0,156,208,235,False
0.0491091964922,1982,0,133,209,235,True
0.0491091964922,2144,0,122,209,235,False
-0.0634301915684,1372,0,107,210,235,True
-0.0634301915684,1584,0,143,210,235,False
0.142021674055,1492,0,96,211,235,True
0.142021674055,2202,0,139,211,235,False
0.241163396063,1985,0,150,212,235,True
0.241163396063,1714,0,113,212,235,False
-0.0591396338805,1666,0,123,213,235,True
-0.0591396338805,2290,0,186,213,235,False
0.137485903693,1742,0,128,214,235,True
0.137485903693,1763,0,120,214,235,False
-0.180596376809,1504,0,111,215,235,True
-0.180596376809,1744,0,134,215,235,False
0.127843619296,1988,0,102,217,235,True
0.127843619296,1491,0,95,217,235,False
0.3085132222,2119,0,135,218,235,True
0.3085132222,2049,0,135,218,235,False
-0.0339620037074,1574,0,95,219,235,True
-0.0339620037074,2545,0,166,219,235,False
0.099292231626,1827,0,114,220,235,True
0.099292231626,2032,0,147,220,235,False
0.567063157461,1249,0,80,200,236,True
0.567063157461,867,0,53,200,236,False
0.0998097374043,759,0,47,201,236,True
0.0998097374043,594,0,39,201,236,False
-0.136756746569,1909,0,171,203,236,True
-0.136756746569,935,0,70,203,236,False
0.0525202587757,1523,0,129,204,236,True
0.0525202587757,657,0,45,204,236,False
0.108564626791,1773,0,127,205,236,True
0.108564626791,585,0,36,205,236,False
0.0822826055265,952,0,70,206,236,True
0.0822826055265,1133,0,73,206,236,False
0.0479726878194,1442,0,107,207,236,True
0.0479726878194,1050,0,81,207,236,False
0.259313883984,999,0,70,208,236,True
0.259313883984,1161,0,87,208,236,False
-0.209631809074,1252,0,92,209,236,True
-0.209631809074,829,0,52,209,236,False
-0.233833186162,1083,0,59,210,236,True
-0.233833186162,1052,0,60,210,236,False
0.504008371299,1035,0,75,211,236,True
0.504008371299,1032,0,57,211,236,False
0.252785878437,1297,0,97,212,236,True
0.252785878437,1134,0,74,212,236,False
0.00307370994095,1065,0,59,213,236,True
0.00307370994095,1054,0,70,213,236,False
-0.0612033840837,1084,0,72,214,236,True
-0.0612033840837,880,0,41,214,236,False
0.179753863348,1443,0,100,215,236,True
0.179753863348,1282,0,94,215,236,False
-0.0882884547147,1771,0,126,217,236,True
-0.0882884547147,679,0,56,217,236,False
0.339440748865,1866,0,136,218,236,True
0.339440748865,858,0,56,218,236,False
0.191874680453,1437,0,110,219,236,True
0.191874680453,963,0,64,219,236,False
-0.178190422412,1432,0,113,220,236,True
-0.178190422412,1071,0,71,220,236,False
-0.232617364669,1526,0,112,200,237,True
-0.232617364669,958,0,55,200,237,False
0.219739179302,1123,0,76,201,237,True
0.219739179302,2179,0,141,201,237,False
0.33135139384,1735,0,123,203,237,True
0.33135139384,1755,0,111,203,237,False
-0.0316133897314,1699,0,101,204,237,True
-0.0316133897314,1875,0,109,204,237,False
0.0670273859319,1701,0,110,205,237,True
0.0670273859319,2033,0,117,205,237,False
0.236967055017,1988,0,104,206,237,True
0.236967055017,1546,0,94,206,237,False
-0.0835806117818,1273,0,80,207,237,True
-0.0835806117818,2082,0,129,207,237,False
-0.154758117356,1217,0,88,208,237,True
-0.154758117356,1777,0,124,208,237,False
0.325608854327,1229,0,75,210,237,True
0.325608854327,1147,0,62,210,237,False
0.326646426159,1788,0,143,211,237,True
0.326646426159,1238,0,91,211,237,False
-0.096876895764,2078,0,166,212,237,True
-0.096876895764,1487,0,74,212,237,False
-0.125725056013,1943,0,138,213,237,True
-0.125725056013,1794,0,101,213,237,False
-0.0466748162311,2043,0,165,214,237,True
-0.0466748162311,1391,0,111,214,237,False
-0.102984496337,1460,0,83,215,237,True
-0.102984496337,1163,0,78,215,237,False
-0.101626055365,2302,0,170,217,237,True
-0.101626055365,1614,0,86,217,237,False
0.374339105956,1107,0,74,218,237,True
0.374339105956,1024,0,59,218,237,False
-0.0762805120011,1237,0,77,219,237,True
-0.0762805120011,2646,0,175,219,237,False
-0.449256877867,1381,0,98,220,237,True
-0.449256877867,2251,0,148,220,237,False
0.253751769997,1109,0,83,200,238,True
0.253751769997,1647,0,109,200,238,False
0.0122600419589,1476,0,90,201,238,True
0.0122600419589,1467,0,103,201,238,False
0.103113006585,2546,0,182,203,238,True
0.103113006585,2508,0,196,203,238,False
0.0013475835779,1349,0,99,204,238,True
0.0013475835779,1480,0,63,204,238,False
-0.028671163725,1256,0,102,205,238,True
-0.028671163725,1100,0,95,205,238,False
0.276313882809,1167,0,98,206,238,True
0.276313882809,1923,0,125,206,238,False
-0.27364861033,2006,0,149,207,238,True
-0.27364861033,1710,0,136,207,238,False
0.0744998312277,1091,0,69,208,238,True
0.0744998312277,1513,0,103,208,238,False
-0.188804239383,1218,0,108,210,238,True
-0.188804239383,1010,0,53,210,238,False
-0.0498338007233,1584,0,119,211,238,True
-0.0498338007233,1344,0,125,211,238,False
0.0022591430299,1422,0,122,212,238,True
0.0022591430299,1358,0,129,212,238,False
0.0556737189129,1582,0,100,213,238,True
0.0556737189129,1464,0,104,213,238,False
-0.134546918425,1560,0,115,214,238,True
-0.134546918425,1509,0,100,214,238,False
-0.266356137365,1194,0,80,215,238,True
-0.266356137365,1728,0,126,215,238,False
0.00197950456815,1436,0,86,217,238,True
0.00197950456815,1262,0,95,217,238,False
0.179767149471,2233,0,170,218,238,True
0.179767149471,2239,0,183,218,238,False
0.0974801741643,1270,0,66,219,238,True
0.0974801741643,1866,0,108,219,238,False
0.118247254145,1370,0,93,220,238,True
0.118247254145,1937,0,136,220,238,False
0.110991517481,1500,0,87,200,239,True
0.110991517481,1758,0,94,200,239,False
-0.00466189340294,1543,0,125,201,239,True
-0.00466189340294,1707,0,143,201,239,False
0.298146629887,2052,0,169,203,239,True
0.298146629887,2042,0,150,203,239,False
0.393488114681,1628,0,107,204,239,True
0.393488114681,2616,0,173,204,239,False
0.0873329666282,1668,0,125,205,239,True
0.0873329666282,1458,0,104,205,239,False
-0.0787762961471,1369,0,114,206,239,True
-0.0787762961471,1800,0,123,206,239,False
-0.196326165428,1809,0,122,207,239,True
-0.196326165428,2365,0,158,207,239,False
-0.0931470322876,1020,0,78,208,239,True
-0.0931470322876,2572,0,205,208,239,False
0.087365380471,2116,0,143,209,239,True
0.087365380471,2321,0,151,209,239,False
0.0669808289664,1099,0,82,210,239,True
0.0669808289664,1825,0,116,210,239,False
-0.0424082989692,1945,0,143,211,239,True
-0.0424082989692,1590,0,123,211,239,False
-0.1353150678,2060,0,143,212,239,True
-0.1353150678,1298,0,102,212,239,False
-0.00127016906357,1784,0,159,213,239,True
-0.00127016906357,1540,0,130,213,239,False
0.1972358576,1608,0,137,214,239,True
0.1972358576,2055,0,179,214,239,False
0.133999560291,1086,0,82,215,239,True
0.133999560291,2063,0,145,215,239,False
-0.208754324663,1975,0,128,217,239,True
-0.208754324663,1363,0,85,217,239,False
-0.0245541505885,2575,0,179,218,239,True
-0.0245541505885,1703,0,111,218,239,False
0.111131278721,1475,0,133,219,239,True
0.111131278721,1786,0,148,219,239,False
0.0789212648956,1655,0,100,220,239,True
0.0789212648956,1793,0,135,220,239,False
-0.0102178975106,1769,0,117,200,240,True
-0.0102178975106,1528,0,128,200,240,False
0.052876813022,2025,0,136,201,240,True
0.052876813022,1393,0,120,201,240,False
-0.0516939967994,2053,0,144,203,240,True
-0.0516939967994,1127,0,90,203,240,False
0.152085969311,2481,0,146,204,240,True
0.152085969311,906,0,66,204,240,False
0.250985603232,1380,0,90,205,240,True
0.250985603232,1467,0,109,205,240,False
-0.219350975716,1855,0,108,206,240,True
-0.219350975716,1112,0,73,206,240,False
0.370694751503,2213,0,184,207,240,True
0.370694751503,2072,0,151,207,240,False
0.204697291713,1511,0,96,208,240,True
0.204697291713,2206,0,136,208,240,False
-0.0574269084757,2549,0,167,209,240,True
-0.0574269084757,1930,0,138,209,240,False
-0.00274403364964,1522,0,101,210,240,True
-0.00274403364964,1805,0,143,210,240,False
0.155907585778,1702,0,122,211,240,True
0.155907585778,1949,0,140,211,240,False
0.17633250567,1897,0,152,212,240,True
0.17633250567,1875,0,148,212,240,False
0.228544766214,1846,0,128,213,240,True
0.228544766214,1926,0,148,213,240,False
0.166792497636,1352,0,122,214,240,True
0.166792497636,1844,0,146,214,240,False
0.262920622795,1524,0,98,215,240,True
0.262920622795,2444,0,151,215,240,False
0.218534890744,2700,0,185,217,240,True
0.218534890744,1514,0,106,217,240,False
-0.00130904742975,2876,0,237,218,240,True
-0.00130904742975,1518,0,110,218,240,False
-0.13753679804,1114,0,87,219,240,True
-0.13753679804,1276,0,73,219,240,False
-0.0309067371816,2042,0,148,220,240,True
-0.0309067371816,2646,0,198,220,240,False
0.129297125633,1317,0,87,301,321,True
0.129297125633,2486,0,149,301,321,False
-0.0180425003615,1013,0,70,302,321,True
-0.0180425003615,1843,0,151,302,321,False
-0.121262577346,300,0,13,303,321,True
-0.121262577346,3109,0,173,303,321,False
-0.236648910042,977,0,50,304,321,True
-0.236648910042,1591,0,79,304,321,False
-0.258433826778,1089,0,78,305,321,True
-0.258433826778,1652,0,143,305,321,False
-0.0483827184932,1322,0,64,306,321,True
-0.0483827184932,1449,0,113,306,321,False
0.0336075884184,1129,0,58,307,321,True
0.0336075884184,1808,0,136,307,321,False
-0.0619453921784,3148,0,212,308,321,True
-0.0619453921784,2113,0,164,308,321,False
-0.248618590443,689,0,30,309,321,True
-0.248618590443,1609,0,96,309,321,False
-0.132833875616,1388,0,91,310,321,True
-0.132833875616,1731,0,118,310,321,False
-0.123087454587,1686,0,126,311,321,True
-0.123087454587,1015,0,58,311,321,False
-0.13213768982,1397,0,76,312,321,True
-0.13213768982,1562,0,129,312,321,False
-0.0501948480475,764,0,49,313,321,True
-0.0501948480475,2315,0,184,313,321,False
0.338645566926,1932,0,139,314,321,True
0.338645566926,1999,0,136,314,321,False
0.0127713472869,1345,0,110,315,321,True
0.0127713472869,1925,0,146,315,321,False
-0.102060927581,801,0,53,316,321,True
-0.102060927581,1951,0,170,316,321,False
-0.0804073496511,880,0,60,317,321,True
-0.0804073496511,1727,0,124,317,321,False
0.0219682968163,962,0,56,318,321,True
0.0219682968163,1352,0,58,318,321,False
-0.177086330209,817,0,46,301,322,True
-0.177086330209,1540,0,85,301,322,False
-0.204280433939,1787,0,129,302,322,True
-0.204280433939,1635,0,132,302,322,False
0.0668357824539,1394,0,79,303,322,True
0.0668357824539,2159,0,110,303,322,False
-0.126567252321,1074,0,76,304,322,True
-0.126567252321,2662,0,200,304,322,False
-0.0897411976391,1654,0,95,305,322,True
-0.0897411976391,1529,0,69,305,322,False
0.179208866912,1168,0,73,306,322,True
0.179208866912,1611,0,102,306,322,False
0.0292629813229,2105,0,130,307,322,True
0.0292629813229,1700,0,87,307,322,False
-0.0390839413073,1151,0,69,308,322,True
-0.0390839413073,2287,0,158,308,322,False
-0.187892226106,1216,0,107,309,322,True
-0.187892226106,1410,0,105,309,322,False
-0.0888765197775,1867,0,133,310,322,True
-0.0888765197775,1437,0,110,310,322,False
-0.299891298872,1458,0,117,311,322,True
-0.299891298872,1500,0,146,311,322,False
-0.243755291464,2290,0,148,312,322,True
-0.243755291464,1750,0,126,312,322,False
-0.0742653215064,1960,0,129,313,322,True
-0.0742653215064,2272,0,190,313,322,False
-0.24899938813,2279,0,139,314,322,True
-0.24899938813,1786,0,147,314,322,False
0.0192569825167,1682,0,123,315,322,True
0.0192569825167,2033,0,154,315,322,False
-0.00426270504642,1495,0,92,316,322,True
-0.00426270504642,1586,0,102,316,322,False
-0.161734485015,1425,0,78,317,322,True
-0.161734485015,1538,0,124,317,322,False
-0.045417212721,743,0,62,318,322,True
-0.045417212721,1835,0,155,318,322,False
-0.0936649461817,1656,0,118,301,323,True
-0.0936649461817,1494,0,98,301,323,False
-0.0218869546609,1150,0,98,302,323,True
-0.0218869546609,1729,0,151,302,323,False
0.0117640789258,1028,0,61,303,323,True
0.0117640789258,2157,0,150,303,323,False
-0.177285819434,1326,0,78,304,323,True
-0.177285819434,1689,0,90,304,323,False
0.147869194308,1771,0,118,305,323,True
0.147869194308,1283,0,97,305,323,False
0.0626157687184,1441,0,107,306,323,True
0.0626157687184,1282,0,91,306,323,False
0.383546415086,1575,0,108,307,323,True
0.383546415086,1845,0,131,307,323,False
0.0256688324696,2453,0,161,308,323,True
0.0256688324696,1545,0,93,308,323,False
-0.0646045714216,1474,0,113,309,323,True
-0.0646045714216,1395,0,95,309,323,False
-0.0725676903159,1384,0,110,310,323,True
-0.0725676903159,1794,0,138,310,323,False
-0.0637489880875,2032,0,152,311,323,True
-0.0637489880875,1632,0,147,311,323,False
0.0813754216383,1497,0,112,312,323,True
0.0813754216383,1727,0,123,312,323,False
0.134247780976,1620,0,104,313,323,True
0.134247780976,1993,0,125,313,323,False
0.0985627048181,1788,0,138,314,323,True
0.0985627048181,1455,0,98,314,323,False
-0.0822079779696,1210,0,78,315,323,True
-0.0822079779696,1613,0,86,315,323,False
0.233071540608,1438,0,108,316,323,True
0.233071540608,1703,0,128,316,323,False
0.0681091371796,1274,0,89,317,323,True
0.0681091371796,1668,0,155,317,323,False
0.0346223531857,908,0,75,318,323,True
0.0346223531857,1443,0,98,318,323,False
-0.0909896281119,2135,0,174,301,325,True
-0.0909896281119,1394,0,103,301,325,False
0.0669673979579,1595,0,129,302,325,True
0.0669673979579,1758,0,164,302,325,False
0.165175308324,1459,0,118,303,325,True
0.165175308324,1132,0,72,303,325,False
-0.176927874825,1565,0,131,304,325,True
-0.176927874825,1731,0,119,304,325,False
-0.0653792461717,1481,0,114,305,325,True
-0.0653792461717,1171,0,79,305,325,False
0.0520818335671,1959,0,140,306,325,True
0.0520818335671,1646,0,128,306,325,False
-0.151616156353,2123,0,154,307,325,True
-0.151616156353,1553,0,104,307,325,False
0.321394088324,2188,0,172,308,325,True
0.321394088324,1271,0,111,308,325,False
-0.064648125788,1779,0,110,309,325,True
-0.064648125788,1282,0,90,309,325,False
-0.181456657651,1692,0,128,310,325,True
-0.181456657651,1472,0,122,310,325,False
0.236653052958,1653,0,100,311,325,True
0.236653052958,1099,0,75,311,325,False
0.0357268311253,1834,0,124,312,325,True
0.0357268311253,1338,0,112,312,325,False
0.0381398713192,2109,0,159,313,325,True
0.0381398713192,1401,0,101,313,325,False
0.113128192323,1482,0,128,314,325,True
0.113128192323,1199,0,102,314,325,False
-0.0388600020983,1555,0,101,315,325,True
-0.0388600020983,1625,0,121,315,325,False
0.220140050537,2784,0,162,316,325,True
0.220140050537,1678,0,136,316,325,False
-0.104739079378,1395,0,100,317,325,True
-0.104739079378,1718,0,119,317,325,False
-0.0811390317153,1007,0,70,318,325,True
-0.0811390317153,1559,0,82,318,325,False
-0.0558124576077,2324,0,157,301,326,True
-0.0558124576077,1370,0,92,301,326,False
-0.160841374577,1504,0,101,302,326,True
-0.160841374577,1483,0,115,302,326,False
0.097823833353,1381,0,108,303,326,True
0.097823833353,1484,0,99,303,326,False
0.145858655954,1617,0,109,304,326,True
0.145858655954,1668,0,116,304,326,False
-0.143917387059,1621,0,123,305,326,True
-0.143917387059,1095,0,98,305,326,False
-0.0712390071864,1590,0,132,306,326,True
-0.0712390071864,1430,0,109,306,326,False
0.0126837105829,1625,0,113,307,326,True
0.0126837105829,1477,0,98,307,326,False
-0.110324949601,2103,0,165,308,326,True
-0.110324949601,1827,0,142,308,326,False
-0.0121027768132,1675,0,125,309,326,True
-0.0121027768132,1279,0,98,309,326,False
-0.186050736079,1719,0,149,308,327,True
-0.186050736079,1895,0,145,308,327,False
0.0837992868624,1949,0,137,310,326,True
0.0837992868624,1240,0,83,310,326,False
0.0904463990523,1917,0,159,311,326,True
0.0904463990523,894,0,69,311,326,False
0.153879729762,2346,0,146,312,326,True
0.153879729762,1325,0,82,312,326,False
0.142571402851,2845,0,212,313,326,True
0.142571402851,2299,0,189,313,326,False
0.0523580620056,2140,0,170,314,326,True
0.0523580620056,1299,0,106,314,326,False
0.113356358401,1752,0,130,115,326,True
0.113356358401,1393,0,104,115,326,False
-0.135155603136,1946,0,120,316,326,True
-0.135155603136,1583,0,106,316,326,False
-0.023248629533,1657,0,109,317,326,True
-0.023248629533,1694,0,117,317,326,False
0.401538476948,942,0,60,318,326,True
0.401538476948,1222,0,90,318,326,False
-0.0451371072304,2007,0,174,101,327,True
-0.0451371072304,1519,0,111,101,327,False
-0.0454620760005,1238,0,91,302,327,True
-0.0454620760005,1552,0,114,302,327,False
0.0476905894271,1076,0,100,303,327,True
0.0476905894271,1976,0,129,303,327,False
-0.0271958675982,1197,0,92,304,327,True
-0.0271958675982,1481,0,136,304,327,False
-0.0190916583324,1618,0,144,305,327,True
-0.0190916583324,1452,0,114,305,327,False
0.0583230441075,1487,0,118,306,327,True
0.0583230441075,1536,0,119,306,327,False
-0.272962696168,1391,0,108,307,327,True
-0.272962696168,1569,0,106,307,327,False
-0.430245377862,1042,0,92,309,327,True
-0.430245377862,1720,0,102,309,327,False
-0.190102737858,1857,0,122,310,327,True
-0.190102737858,1585,0,111,310,327,False
0.0539382909709,1612,0,128,311,327,True
0.0539382909709,1595,0,104,311,327,False
-0.185662759056,1827,0,142,312,327,True
-0.185662759056,1325,0,119,312,327,False
-0.104294838839,1550,0,111,313,327,True
-0.104294838839,2132,0,150,313,327,False
0.0753006376465,2090,0,174,314,327,True
0.0753006376465,2479,0,187,314,327,False
0.0900397779943,1378,0,110,115,327,True
0.0900397779943,1611,0,125,115,327,False
0.00438287625116,1934,0,154,116,327,True
0.00438287625116,1863,0,130,116,327,False
0.0579043372604,1555,0,98,317,327,True
0.0579043372604,1770,0,104,317,327,False
0.255792232362,886,0,59,318,327,True
0.255792232362,1553,0,107,318,327,False
-0.0855837471737,2222,0,136,301,328,True
-0.0855837471737,1005,0,55,301,328,False
-0.0373896162562,1364,0,99,302,328,True
-0.0373896162562,1554,0,127,302,328,False
0.045202305176,1155,0,78,303,328,True
0.045202305176,1699,0,101,303,328,False
-0.131921239461,956,0,43,304,328,True
-0.131921239461,2062,0,120,304,328,False
0.0613504640518,1492,0,89,305,328,True
0.0613504640518,1277,0,72,305,328,False
-0.00600684261143,1623,0,108,306,328,True
-0.00600684261143,1475,0,100,306,328,False
-0.161336572248,1449,0,78,307,328,True
-0.161336572248,1538,0,123,307,328,False
-0.0562209689328,2294,0,126,308,328,True
-0.0562209689328,2280,0,151,308,328,False
-0.104116296713,1318,0,81,309,328,True
-0.104116296713,1371,0,103,309,328,False
0.0547864092261,1796,0,96,310,328,True
0.0547864092261,1288,0,76,310,328,False
-0.0865858131392,2160,0,119,311,328,True
-0.0865858131392,1331,0,85,311,328,False
-0.0324936680536,1782,0,118,312,328,True
-0.0324936680536,1765,0,116,312,328,False
0.0246504709041,2151,0,127,313,328,True
0.0246504709041,1814,0,103,313,328,False
-0.0493785723533,1829,0,126,314,328,True
-0.0493785723533,1651,0,135,314,328,False
0.0796038024337,1868,0,137,315,328,True
0.0796038024337,1394,0,89,315,328,False
-0.317415838478,1592,0,102,316,328,True
-0.317415838478,1271,0,93,316,328,False
0.103083531458,1524,0,91,317,328,True
0.103083531458,1960,0,137,317,328,False
0.0323579869377,828,0,49,318,328,True
0.0323579869377,1489,0,124,318,328,False
0.0327003758562,2334,0,192,301,329,True
0.0327003758562,1650,0,121,301,329,False
-0.100572014168,1450,0,84,302,329,True
-0.100572014168,2006,0,174,302,329,False
-0.276517320827,1270,0,64,303,329,True
-0.276517320827,2048,0,98,303,329,False
-0.0932463569537,1221,0,84,304,329,True
-0.0932463569537,2118,0,194,304,329,False
0.0715004018726,923,0,95,305,329,True
0.0715004018726,1040,0,106,305,329,False
0.0707389012714,1612,0,113,306,329,True
0.0707389012714,1767,0,119,306,329,False
-0.143609310367,1835,0,112,307,329,True
-0.143609310367,1919,0,101,307,329,False
0.0881196676109,2285,0,129,308,329,True
0.0881196676109,2207,0,158,308,329,False
-0.0285288399119,942,0,79,309,329,True
-0.0285288399119,1174,0,83,309,329,False
-0.154723997234,1955,0,146,310,329,True
-0.154723997234,3065,0,260,310,329,False
0.00869181494036,1738,0,134,311,329,True
0.00869181494036,1679,0,135,311,329,False
0.0989435128187,1834,0,135,312,329,True
0.0989435128187,2161,0,188,312,329,False
-0.00477476304672,1953,0,135,313,329,True
-0.00477476304672,2806,0,177,313,329,False
-0.309409583345,1284,0,71,314,329,True
-0.309409583345,2317,0,141,314,329,False
0.0675500271409,1794,0,130,315,329,True
0.0675500271409,2087,0,153,315,329,False
0.150070142653,2827,0,187,316,329,True
0.150070142653,3200,0,192,316,329,False
0.0892145336926,1616,0,106,317,329,True
0.0892145336926,1977,0,125,317,329,False
-0.194983305013,1234,0,73,318,329,True
-0.194983305013,1623,0,140,318,329,False
0.000264276113009,2169,0,152,301,330,True
0.000264276113009,1746,0,129,301,330,False
-0.157925108195,1803,0,107,302,330,True
-0.157925108195,1067,0,66,302,330,False
0.0136590882792,867,0,42,303,330,True
0.0136590882792,2043,0,88,303,330,False
-0.0633373200087,1760,0,122,304,330,True
-0.0633373200087,1691,0,133,304,330,False
-0.388034765017,938,0,73,306,330,True
-0.388034765017,1657,0,127,306,330,False
0.0761458552534,1101,0,76,307,330,True
0.0761458552534,1677,0,120,307,330,False
-0.0406118420579,1749,0,102,308,330,True
-0.0406118420579,2066,0,115,308,330,False
0.24846772669,1198,0,91,309,330,True
0.24846772669,1273,0,92,309,330,False
0.0315466923578,1311,0,68,310,330,True
0.0315466923578,1757,0,102,310,330,False
0.100196974792,2088,0,134,311,330,True
0.100196974792,1807,0,135,311,330,False
0.166948914216,1615,0,115,312,330,True
0.166948914216,1725,0,126,312,330,False
-0.0692928950285,1515,0,105,313,330,True
-0.0692928950285,2175,0,130,313,330,False
0.139991523149,1806,0,139,314,330,True
0.139991523149,1606,0,138,314,330,False
0.0766697527472,1279,0,93,315,330,True
0.0766697527472,1018,0,72,315,330,False
-0.0452094373426,2032,0,111,316,330,True
-0.0452094373426,1581,0,103,316,330,False
0.204928479363,1428,0,98,317,330,True
0.204928479363,2619,0,158,317,330,False
-0.0507356325778,979,0,43,318,330,True
-0.0507356325778,1455,0,91,318,330,False
-0.0104098965646,2621,0,195,301,331,True
-0.0104098965646,2006,0,152,301,331,False
0.504088009211,133,0,11,302,331,True
0.504088009211,273,0,15,302,331,False
0.352970838498,1001,0,60,303,331,True
0.352970838498,2541,0,135,303,331,False
0.0219225672265,1267,0,70,304,331,True
0.0219225672265,2938,0,169,304,331,False
0.172993298172,456,0,20,305,331,True
0.172993298172,622,0,25,305,331,False
0.191151312782,1154,0,75,306,331,True
0.191151312782,2725,0,155,306,331,False
0.0573071280076,1165,0,68,307,331,True
0.0573071280076,1929,0,94,307,331,False
0.00219398894044,1497,0,84,308,331,True
0.00219398894044,3298,0,153,308,331,False
0.109131864672,1280,0,104,309,331,True
0.109131864672,2027,0,129,309,331,False
0.0304000186726,1949,0,107,310,331,True
0.0304000186726,1889,0,112,310,331,False
0.0797685057728,1676,0,80,311,331,True
0.0797685057728,2497,0,109,311,331,False
-0.267460835326,1603,0,101,312,331,True
-0.267460835326,1883,0,98,312,331,False
-0.215857345732,1665,0,121,314,331,True
-0.215857345732,1955,0,126,314,331,False
0.119490771271,1394,0,76,315,331,True
0.119490771271,1973,0,117,315,331,False
0.0125644485108,2195,0,124,316,331,True
0.0125644485108,1347,0,59,316,331,False
-0.176756562157,1282,0,77,317,331,True
-0.176756562157,2374,0,137,317,331,False
0.0990491028054,1646,0,111,318,331,True
0.0990491028054,2728,0,178,318,331,False
0.068279517104,2810,0,214,301,332,True
0.068279517104,2288,0,181,301,332,False
-0.240342535313,1539,0,130,302,332,True
-0.240342535313,976,0,69,302,332,False
-0.114739391537,1401,0,85,303,332,True
-0.114739391537,1460,0,90,303,332,False
-0.0997026599491,1455,0,109,304,332,True
-0.0997026599491,1282,0,65,304,332,False
-0.0659398198296,1664,0,112,305,332,True
-0.0659398198296,1025,0,71,305,332,False
-0.0690215501451,1576,0,117,306,332,True
-0.0690215501451,1051,0,80,306,332,False
-0.0104000609894,1700,0,115,307,332,True
-0.0104000609894,1270,0,98,307,332,False
0.188399822564,1947,0,140,308,332,True
0.188399822564,2080,0,139,308,332,False
0.0170568320612,1541,0,151,309,332,True
0.0170568320612,925,0,79,309,332,False
-0.0389354087579,2110,0,165,310,332,True
-0.0389354087579,1030,0,87,310,332,False
-0.000588647699964,1733,0,109,311,332,True
-0.000588647699964,1113,0,85,311,332,False
-0.0266378443227,1719,0,104,312,332,True
-0.0266378443227,2039,0,130,312,332,False
-0.0542928913927,2193,0,156,313,332,True
-0.0542928913927,1807,0,133,313,332,False
0.164359912262,2031,0,134,314,332,True
0.164359912262,1167,0,96,314,332,False
0.102003985785,1880,0,132,315,332,True
0.102003985785,1088,0,80,315,332,False
0.125010613415,2340,0,147,316,332,True
0.125010613415,1124,0,83,316,332,False
0.0700796243724,1587,0,91,317,332,True
0.0700796243724,1303,0,87,317,332,False
0.0635650610653,1166,0,79,318,332,True
0.0635650610653,1011,0,60,318,332,False
0.018845339715,2030,0,147,301,333,True
0.018845339715,2258,0,153,301,333,False
-0.286798397462,1843,0,114,302,333,True
-0.286798397462,3054,0,203,302,333,False
0.0797148992483,1063,0,67,303,333,True
0.0797148992483,1667,0,124,303,333,False
-0.0312636206773,1005,0,56,304,333,True
-0.0312636206773,2566,0,124,304,333,False
-0.00533848704917,1374,0,122,305,333,True
-0.00533848704917,1955,0,172,305,333,False
-0.100763247082,1117,0,91,306,333,True
-0.100763247082,2841,0,229,306,333,False
-0.0736944834167,1707,0,104,307,333,True
-0.0736944834167,2023,0,130,307,333,False
0.176661528893,2091,0,128,308,333,True
0.176661528893,2515,0,152,308,333,False
0.144434049522,1149,0,92,309,333,True
0.144434049522,1907,0,155,309,333,False
0.0488096998388,1887,0,143,310,333,True
0.0488096998388,2254,0,180,310,333,False
0.0376101993273,1740,0,130,311,333,True
0.0376101993273,2091,0,141,311,333,False
-0.154907445518,1879,0,149,312,333,True
-0.154907445518,1937,0,132,312,333,False
-0.00232889039503,1718,0,115,313,333,True
-0.00232889039503,2914,0,198,313,333,False
0.231433017532,2046,0,163,314,333,True
0.231433017532,2374,0,181,314,333,False
0.320378233637,955,0,60,315,333,True
0.320378233637,2024,0,138,315,333,False
-0.0411912674389,2103,0,147,316,333,True
-0.0411912674389,1919,0,130,316,333,False
0.0935465116517,1482,0,117,317,333,True
0.0935465116517,2204,0,129,317,333,False
0.0455174802006,1162,0,77,318,333,True
0.0455174802006,1877,0,119,318,333,False
-0.122761625667,2350,0,121,301,334,True
-0.122761625667,1652,0,125,301,334,False
-0.146554703167,1527,0,101,302,334,True
-0.146554703167,1904,0,156,302,334,False
-0.0276627047875,1054,0,35,303,334,True
-0.0276627047875,2346,0,172,303,334,False
0.0123256804436,1449,0,82,304,334,True
0.0123256804436,1593,0,139,304,334,False
0.0834558086623,1979,0,143,305,334,True
0.0834558086623,1221,0,89,305,334,False
0.097127784259,1706,0,114,306,334,True
0.097127784259,1769,0,136,306,334,False
-0.00129028254107,1885,0,116,307,334,True
-0.00129028254107,1265,0,65,307,334,False
0.130056594805,2084,0,158,308,334,True
0.130056594805,2470,0,177,308,334,False
0.227266588575,1794,0,125,309,334,True
0.227266588575,1136,0,85,309,334,False
-0.310480062278,2288,0,145,310,334,True
-0.310480062278,1300,0,112,310,334,False
0.128473528545,1658,0,121,311,334,True
0.128473528545,1458,0,101,311,334,False
0.107448639474,1586,0,107,312,334,True
0.107448639474,1841,0,155,312,334,False
-0.455016086067,1547,0,99,313,334,True
-0.455016086067,2307,0,158,313,334,False
-0.0173685325997,2366,0,151,314,334,True
-0.0173685325997,2143,0,179,314,334,False
0.068896216024,1495,0,126,315,334,True
0.068896216024,2241,0,179,315,334,False
0.0162507130352,2047,0,130,316,334,True
0.0162507130352,2175,0,161,316,334,False
0.00398894064641,1903,0,130,317,334,True
0.00398894064641,2090,0,166,317,334,False
0.200681410305,1458,0,81,318,334,True
0.200681410305,1491,0,109,318,334,False
-0.13256918635,1709,0,131,301,335,True
-0.13256918635,1965,0,152,301,335,False
0.00484871408196,1407,0,147,302,335,True
0.00484871408196,2161,0,203,302,335,False
-0.117814470174,827,0,51,303,335,True
-0.117814470174,2129,0,98,303,335,False
0.063969457553,1360,0,85,304,335,True
0.063969457553,2872,0,221,304,335,False
-0.159410523961,1452,0,97,305,335,True
-0.159410523961,1526,0,113,305,335,False
-0.0847617315909,1434,0,87,306,335,True
-0.0847617315909,2001,0,133,306,335,False
0.138120179134,1341,0,74,307,335,True
0.138120179134,1971,0,108,307,335,False
0.0460961427909,2641,0,152,308,335,True
0.0460961427909,2329,0,164,308,335,False
-0.136263409915,1111,0,69,309,335,True
-0.136263409915,2172,0,120,309,335,False
0.260007722838,1916,0,156,310,335,True
0.260007722838,2054,0,172,310,335,False
0.0417112978458,1867,0,177,311,335,True
0.0417112978458,1765,0,159,311,335,False
0.113424035421,1823,0,144,312,335,True
0.113424035421,1675,0,120,312,335,False
-0.0275752922966,1762,0,137,313,335,True
-0.0275752922966,2369,0,189,313,335,False
0.117220668923,1907,0,175,314,335,True
0.117220668923,1958,0,153,314,335,False
-0.110631187817,1523,0,114,315,335,True
-0.110631187817,1891,0,124,315,335,False
0.138118263298,2294,0,159,316,335,True
0.138118263298,1934,0,141,316,335,False
0.286919719097,1380,0,105,317,335,True
0.286919719097,2266,0,185,317,335,False
0.365076696611,1002,0,63,318,335,True
0.365076696611,2172,0,142,318,335,False
0.167684300733,2235,0,155,301,336,True
0.167684300733,1675,0,130,301,336,False
0.131184130176,1390,0,80,302,336,True
0.131184130176,1173,0,79,302,336,False
-0.0755735555903,1117,0,65,303,336,True
-0.0755735555903,1396,0,122,303,336,False
-0.0779454052153,1583,0,118,304,336,True
-0.0779454052153,810,0,59,304,336,False
-0.0165722656659,1977,0,176,305,336,True
-0.0165722656659,1356,0,126,305,336,False
-0.154258874701,1315,0,106,306,336,True
-0.154258874701,1215,0,102,306,336,False
0.0466868070063,1773,0,110,307,336,True
0.0466868070063,1111,0,83,307,336,False
0.0970072925866,2493,0,137,308,336,True
0.0970072925866,1439,0,104,308,336,False
-0.0921073596108,1303,0,92,309,336,True
-0.0921073596108,1005,0,83,309,336,False
0.020243314381,2054,0,129,310,336,True
0.020243314381,1274,0,107,310,336,False
0.131106425685,1700,0,115,311,336,True
0.131106425685,1080,0,83,311,336,False
-0.158076584421,1813,0,135,312,336,True
-0.158076584421,1188,0,95,312,336,False
0.164587041699,1754,0,112,313,336,True
0.164587041699,1451,0,110,313,336,False
-0.0334275979878,1640,0,103,314,336,True
-0.0334275979878,1424,0,100,314,336,False
0.134247821048,1643,0,128,315,336,True
0.134247821048,1460,0,129,315,336,False
0.206937873981,1545,0,108,316,336,True
0.206937873981,1293,0,87,316,336,False
0.348828255167,2341,0,122,317,336,True
0.348828255167,1632,0,114,317,336,False
-0.00865615099508,1005,0,78,318,336,True
-0.00865615099508,1295,0,82,318,336,False
-0.12428636345,1945,0,157,301,337,True
-0.12428636345,1990,0,153,301,337,False
-0.141168274559,1676,0,126,302,337,True
-0.141168274559,2024,0,186,302,337,False
0.165449500394,1183,0,73,303,337,True
0.165449500394,2204,0,122,303,337,False
-0.0157085741884,1394,0,81,304,337,True
-0.0157085741884,1785,0,122,304,337,False
0.291644734395,1907,0,160,305,337,True
0.291644734395,1722,0,133,305,337,False
0.190139901312,3051,0,249,306,337,True
0.190139901312,4241,0,277,306,337,False
-0.0277705190642,1722,0,99,307,337,True
-0.0277705190642,1648,0,112,307,337,False
0.233042106548,2058,0,152,308,337,True
0.233042106548,3069,0,224,308,337,False
0.0347323996847,1430,0,102,309,337,True
0.0347323996847,1898,0,120,309,337,False
-0.033575605924,2291,0,157,310,337,True
-0.033575605924,2326,0,134,310,337,False
0.0893024212765,1862,0,159,311,337,True
0.0893024212765,1793,0,154,311,337,False
0.110514004578,2106,0,109,312,337,True
0.110514004578,1817,0,129,312,337,False
0.0406569687405,2206,0,134,313,337,True
0.0406569687405,2207,0,121,313,337,False
0.235706274271,1761,0,106,314,337,True
0.235706274271,1444,0,57,314,337,False
-0.014273876724,1922,0,133,315,337,True
-0.014273876724,1910,0,114,315,337,False
0.0160431198026,1881,0,123,316,337,True
0.0160431198026,2144,0,133,316,337,False
-0.0352173482732,2063,0,137,317,337,True
-0.0352173482732,2361,0,156,317,337,False
0.11245058451,1177,0,49,318,337,True
0.11245058451,2096,0,110,318,337,False
